{
    "0": {
        "precision": 0.8912783751493429,
        "recall": 0.8755868544600939,
        "f1-score": 0.8833629366489046,
        "support": 852.0
    },
    "1": {
        "precision": 0.171875,
        "recall": 0.19469026548672566,
        "f1-score": 0.1825726141078838,
        "support": 113.0
    },
    "accuracy": 0.7958549222797927,
    "macro avg": {
        "precision": 0.5315766875746715,
        "recall": 0.5351385599734098,
        "f1-score": 0.5329677753783942,
        "support": 965.0
    },
    "weighted avg": {
        "precision": 0.8070373581629432,
        "recall": 0.7958549222797927,
        "f1-score": 0.8013014791907332,
        "support": 965.0
    }
}