{
    "0": {
        "precision": 0.8907905460472698,
        "recall": 0.8960065581449819,
        "f1-score": 0.8933909388136385,
        "support": 8539.0
    },
    "1": {
        "precision": 0.1590909090909091,
        "recall": 0.1518987341772152,
        "f1-score": 0.15541165587419056,
        "support": 1106.0
    },
    "accuracy": 0.8106791083462934,
    "macro avg": {
        "precision": 0.5249407275690895,
        "recall": 0.5239526461610985,
        "f1-score": 0.5244012973439145,
        "support": 9645.0
    },
    "weighted avg": {
        "precision": 0.8068859531521184,
        "recall": 0.8106791083462934,
        "f1-score": 0.8087662538026453,
        "support": 9645.0
    }
}