{
    "0": {
        "precision": 0.8952380952380953,
        "recall": 0.8826291079812206,
        "f1-score": 0.8888888888888888,
        "support": 852.0
    },
    "1": {
        "precision": 0.2,
        "recall": 0.22123893805309736,
        "f1-score": 0.21008403361344538,
        "support": 113.0
    },
    "accuracy": 0.805181347150259,
    "macro avg": {
        "precision": 0.5476190476190477,
        "recall": 0.551934023017159,
        "f1-score": 0.5494864612511671,
        "support": 965.0
    },
    "weighted avg": {
        "precision": 0.8138267949666913,
        "recall": 0.805181347150259,
        "f1-score": 0.8094018954732152,
        "support": 965.0
    }
}