{
    "0": {
        "precision": 0.892434988179669,
        "recall": 0.886150234741784,
        "f1-score": 0.889281507656066,
        "support": 852.0
    },
    "1": {
        "precision": 0.18487394957983194,
        "recall": 0.19469026548672566,
        "f1-score": 0.1896551724137931,
        "support": 113.0
    },
    "accuracy": 0.805181347150259,
    "macro avg": {
        "precision": 0.5386544688797505,
        "recall": 0.5404202501142549,
        "f1-score": 0.5394683400349295,
        "support": 965.0
    },
    "weighted avg": {
        "precision": 0.8095806903954395,
        "recall": 0.805181347150259,
        "f1-score": 0.8073563513012713,
        "support": 965.0
    }
}