{
    "0": {
        "precision": 0.8920521945432978,
        "recall": 0.8826291079812206,
        "f1-score": 0.8873156342182891,
        "support": 852.0
    },
    "1": {
        "precision": 0.18032786885245902,
        "recall": 0.19469026548672566,
        "f1-score": 0.18723404255319148,
        "support": 113.0
    },
    "accuracy": 0.8020725388601037,
    "macro avg": {
        "precision": 0.5361900316978784,
        "recall": 0.5386596867339731,
        "f1-score": 0.5372748383857403,
        "support": 965.0
    },
    "weighted avg": {
        "precision": 0.8087103823121425,
        "recall": 0.8020725388601037,
        "f1-score": 0.8053371680440341,
        "support": 965.0
    }
}