{
    "accuracy": 0.6329689227367645,
    "precision": 0.6318296321944676,
    "recall": 0.6329689227367645,
    "roc_auc": 0.680889148857235,
    "f1_score": 0.6329689227367645
}