{
    "accuracy": 0.6351799533226876,
    "precision": 0.6337971463126861,
    "recall": 0.6351799533226875,
    "roc_auc": 0.6843839494498072
}