{
    "accuracy": 0.4600786144208328,
    "precision": 0.6949271569199468,
    "recall": 0.4600786144208328,
    "roc_auc": 0.6464572315412651,
    "f1_score": 0.4600786144208328
}