{
    "training_completed": 1,
    "cv_accuracy": 0.6312168905950096,
    "cv_fold_1_accuracy": 0.6331669865642994,
    "cv_fold_2_accuracy": 0.6298656429942419,
    "cv_fold_3_accuracy": 0.6349328214971209,
    "cv_fold_4_accuracy": 0.6302495201535508,
    "cv_fold_5_accuracy": 0.6278694817658349
}
