{
    "training_completed": 1,
    "cv_accuracy": 0.6111042595158127,
    "cv_fold_1_accuracy": 0.6074005834484877,
    "cv_fold_2_accuracy": 0.6169967756794104,
    "cv_fold_3_accuracy": 0.6107016735759251,
    "cv_fold_4_accuracy": 0.6092898272552784,
    "cv_fold_5_accuracy": 0.6111324376199616
}
