{
    "accuracy": [
        0.721792459487915
    ],
    "auc": [
        0.7983797788619995
    ],
    "loss": [
        0.5340424180030823
    ],
    "val_accuracy": [
        0.7604374885559082
    ],
    "val_auc": [
        0.624527096748352
    ],
    "val_loss": [
        0.5006923675537109
    ]
}