{
    "accuracy": [
        0.7385883331298828
    ],
    "auc": [
        0.8162176012992859
    ],
    "loss": [
        0.5130380988121033
    ],
    "val_accuracy": [
        0.79649418592453
    ],
    "val_auc": [
        0.6272801160812378
    ],
    "val_loss": [
        0.4832971394062042
    ]
}