{
    "accuracy": [
        0.7255008816719055
    ],
    "auc": [
        0.8012939095497131
    ],
    "loss": [
        0.530116081237793
    ],
    "val_accuracy": [
        0.7541450262069702
    ],
    "val_auc": [
        0.6303842067718506
    ],
    "val_loss": [
        0.5135346055030823
    ]
}