{
    "accuracy": [
        0.7230880260467529
    ],
    "auc": [
        0.798987627029419
    ],
    "loss": [
        0.5343161821365356
    ],
    "val_accuracy": [
        0.7593887448310852
    ],
    "val_auc": [
        0.6271888613700867
    ],
    "val_loss": [
        0.5094039440155029
    ]
}