{
    "accuracy": [
        0.7370204925537109
    ],
    "auc": [
        0.8137713074684143
    ],
    "loss": [
        0.5150628685951233
    ],
    "val_accuracy": [
        0.781012773513794
    ],
    "val_auc": [
        0.6291872262954712
    ],
    "val_loss": [
        0.500359058380127
    ]
}