{
    "accuracy": [
        0.7221491932868958
    ],
    "auc": [
        0.7993888854980469
    ],
    "loss": [
        0.5332739949226379
    ],
    "val_accuracy": [
        0.7683280110359192
    ],
    "val_auc": [
        0.6260493397712708
    ],
    "val_loss": [
        0.5063669085502625
    ]
}