{
    "accuracy": [
        0.7378091216087341
    ],
    "auc": [
        0.8156560659408569
    ],
    "loss": [
        0.5121211409568787
    ],
    "val_accuracy": [
        0.7703256011009216
    ],
    "val_auc": [
        0.6236324310302734
    ],
    "val_loss": [
        0.512273371219635
    ]
}