{
    "accuracy": [
        0.7367294430732727
    ],
    "auc": [
        0.8155916333198547
    ],
    "loss": [
        0.5119379758834839
    ],
    "val_accuracy": [
        0.7842089533805847
    ],
    "val_auc": [
        0.6276553869247437
    ],
    "val_loss": [
        0.49857422709465027
    ]
}