{
    "accuracy": [
        0.7377527952194214
    ],
    "auc": [
        0.8147459626197815
    ],
    "loss": [
        0.5141830444335938
    ],
    "val_accuracy": [
        0.7731721997261047
    ],
    "val_auc": [
        0.6272097826004028
    ],
    "val_loss": [
        0.5016754269599915
    ]
}