{
    "accuracy": [
        0.7391892075538635
    ],
    "auc": [
        0.8165531158447266
    ],
    "loss": [
        0.5108474493026733
    ],
    "val_accuracy": [
        0.7910007834434509
    ],
    "val_auc": [
        0.6293998956680298
    ],
    "val_loss": [
        0.4847295582294464
    ]
}