{
    "accuracy": [
        0.7387104034423828
    ],
    "auc": [
        0.8177250027656555
    ],
    "loss": [
        0.5098954439163208
    ],
    "val_accuracy": [
        0.7939472794532776
    ],
    "val_auc": [
        0.629897952079773
    ],
    "val_loss": [
        0.49378007650375366
    ]
}