{
    "accuracy": [
        0.7239236235618591
    ],
    "auc": [
        0.8020273447036743
    ],
    "loss": [
        0.529082715511322
    ],
    "val_accuracy": [
        0.7532461285591125
    ],
    "val_auc": [
        0.626596212387085
    ],
    "val_loss": [
        0.5177748799324036
    ]
}