{
    "accuracy": [
        0.7383161187171936
    ],
    "auc": [
        0.8149732351303101
    ],
    "loss": [
        0.5134852528572083
    ],
    "val_accuracy": [
        0.7852576971054077
    ],
    "val_auc": [
        0.6277902126312256
    ],
    "val_loss": [
        0.49431532621383667
    ]
}