{
    "train": {
        "accuracy": 0.7557034492492676,
        "auc": 0.8357831835746765,
        "loss": 0.48496875166893005
    },
    "eval": {
        "accuracy": 0.7692768573760986,
        "auc": 0.6327056884765625,
        "loss": 0.4913623034954071
    },
    "step": 3
}
