{
    "train": {
        "accuracy": 0.7387104034423828,
        "auc": 0.8177250027656555,
        "loss": 0.5098954439163208
    },
    "eval": {
        "accuracy": 0.7939472794532776,
        "auc": 0.629897952079773,
        "loss": 0.49378007650375366
    },
    "step": 0,
    "val_accuracy": 0.7939472632840592,
    "val_precision": 0.20933876527734252,
    "val_recall": 0.29414354909731394,
    "val_f1": 0.24459904796777737,
    "val_auc": 0.6298794259889418,
    "val_avg_precision": 0.17467399109502613,
    "test_accuracy": 0.7883645443196005,
    "test_precision": 0.18648390181702262,
    "test_recall": 0.2575957727873184,
    "test_f1": 0.21634615384615385,
    "test_auc": 0.6225499657310808,
    "test_avg_precision": 0.1635421080438205
}
