{
    "train": {
        "accuracy": 0.721792459487915,
        "auc": 0.7983797788619995,
        "loss": 0.5340424180030823
    },
    "eval": {
        "accuracy": 0.7604374885559082,
        "auc": 0.624527096748352,
        "loss": 0.5006923675537109
    },
    "step": 0,
    "val_accuracy": 0.7604374750299641,
    "val_precision": 0.18314099347717008,
    "val_recall": 0.32144429766622634,
    "val_f1": 0.233338660700016,
    "val_auc": 0.6245086726679472,
    "val_avg_precision": 0.16631857110597625,
    "test_accuracy": 0.7610986267166042,
    "test_precision": 0.177241202157719,
    "test_recall": 0.3038309114927345,
    "test_f1": 0.22388059701492538,
    "test_auc": 0.6198922581409703,
    "test_avg_precision": 0.16366132753774076
}
