{
    "train": {
        "accuracy": 0.7370204925537109,
        "auc": 0.8137713074684143,
        "loss": 0.5150628685951233
    },
    "eval": {
        "accuracy": 0.781012773513794,
        "auc": 0.6291872262954712,
        "loss": 0.500359058380127
    },
    "step": 0,
    "val_accuracy": 0.78101278465841,
    "val_precision": 0.19868871151653364,
    "val_recall": 0.30691325407309555,
    "val_f1": 0.24121820384149506,
    "val_auc": 0.6291735710014393,
    "val_avg_precision": 0.1710519161017775,
    "test_accuracy": 0.7774282147315855,
    "test_precision": 0.18115519253208867,
    "test_recall": 0.27344782034346105,
    "test_f1": 0.21793297069661344,
    "test_auc": 0.6266781713209846,
    "test_avg_precision": 0.16294370812549938
}
