{
    "train": {
        "accuracy": 0.7377527952194214,
        "auc": 0.8147459626197815,
        "loss": 0.5141830444335938
    },
    "eval": {
        "accuracy": 0.7731721997261047,
        "auc": 0.6272097826004028,
        "loss": 0.5016754269599915
    },
    "step": 0,
    "val_accuracy": 0.7731721933679585,
    "val_precision": 0.19533136570968607,
    "val_recall": 0.32056362835755176,
    "val_f1": 0.24274758252750916,
    "val_auc": 0.6272456279863441,
    "val_avg_precision": 0.17174880265376707,
    "test_accuracy": 0.7703870162297128,
    "test_precision": 0.18009348364036293,
    "test_recall": 0.2884191985909291,
    "test_f1": 0.22173324306025727,
    "test_auc": 0.6234149477766672,
    "test_avg_precision": 0.1627787212516569
}
