{
    "train": {
        "accuracy": 0.7230880260467529,
        "auc": 0.798987627029419,
        "loss": 0.5343161821365356
    },
    "eval": {
        "accuracy": 0.7593887448310852,
        "auc": 0.6271888613700867,
        "loss": 0.5094039440155029
    },
    "step": 0,
    "val_accuracy": 0.7593887335197763,
    "val_precision": 0.18840225103988256,
    "val_recall": 0.3390576838397182,
    "val_f1": 0.2422145328719723,
    "val_auc": 0.6272325069908986,
    "val_avg_precision": 0.16919066660052307,
    "test_accuracy": 0.7567041198501873,
    "test_precision": 0.17463097322992244,
    "test_recall": 0.30735358872743285,
    "test_f1": 0.2227185705169113,
    "test_auc": 0.6223190343372239,
    "test_avg_precision": 0.16311800535636495
}
