{
    "train": {
        "accuracy": 0.7255008816719055,
        "auc": 0.8012939095497131,
        "loss": 0.530116081237793
    },
    "eval": {
        "accuracy": 0.7541450262069702,
        "auc": 0.6303842067718506,
        "loss": 0.5135346055030823
    },
    "step": 0,
    "val_accuracy": 0.7541450259688374,
    "val_precision": 0.18696883852691218,
    "val_recall": 0.3487450462351387,
    "val_f1": 0.24343015214384509,
    "val_auc": 0.6304382836616844,
    "val_avg_precision": 0.1716728860199866,
    "test_accuracy": 0.751960049937578,
    "test_precision": 0.17549350024073182,
    "test_recall": 0.32100396301188905,
    "test_f1": 0.2269260700389105,
    "test_auc": 0.6252974565502496,
    "test_avg_precision": 0.16348813608213175
}
