{
    "train": {
        "accuracy": 0.7239236235618591,
        "auc": 0.8020273447036743,
        "loss": 0.529082715511322
    },
    "eval": {
        "accuracy": 0.7532461285591125,
        "auc": 0.626596212387085,
        "loss": 0.5177748799324036
    },
    "step": 0,
    "val_accuracy": 0.7532461046743907,
    "val_precision": 0.18379914732354335,
    "val_recall": 0.34169969176574194,
    "val_f1": 0.2390266440782381,
    "val_auc": 0.6266107107057873,
    "val_avg_precision": 0.17162069818862258,
    "test_accuracy": 0.7506117353308365,
    "test_precision": 0.17420435510887772,
    "test_recall": 0.32056362835755176,
    "test_f1": 0.22573643410852715,
    "test_auc": 0.6217021342664043,
    "test_avg_precision": 0.1629569702449964
}
