{
    "train": {
        "accuracy": 0.7221491932868958,
        "auc": 0.7993888854980469,
        "loss": 0.5332739949226379
    },
    "eval": {
        "accuracy": 0.7683280110359192,
        "auc": 0.6260493397712708,
        "loss": 0.5063669085502625
    },
    "step": 0,
    "val_accuracy": 0.7683280063923292,
    "val_precision": 0.19053842132775745,
    "val_recall": 0.32100396301188905,
    "val_f1": 0.23913400032803017,
    "val_auc": 0.6261362465812552,
    "val_avg_precision": 0.16915994420723882,
    "test_accuracy": 0.7653433208489389,
    "test_precision": 0.17729930887825623,
    "test_recall": 0.29370321444297665,
    "test_f1": 0.22111718879496103,
    "test_auc": 0.6206562340538662,
    "test_avg_precision": 0.16187874036857006
}
