step	cv_accuracy
<<<<<<< HEAD
0	0.6312168905950096
=======
0	0.6111042595158127
>>>>>>> 0d36faa1fb918e7545f7e86c86aa138460e9b94c
