step	cv_fold_4_accuracy
<<<<<<< HEAD
0	0.6302495201535508
=======
0	0.6092898272552784
>>>>>>> 0d36faa1fb918e7545f7e86c86aa138460e9b94c
