step	cv_fold_5_accuracy
<<<<<<< HEAD
0	0.6278694817658349
=======
0	0.6111324376199616
>>>>>>> 0d36faa1fb918e7545f7e86c86aa138460e9b94c
