step	cv_fold_1_accuracy
<<<<<<< HEAD
<<<<<<< HEAD
0	0.6331669865642994
=======
0	0.6074005834484877
>>>>>>> 0d36faa1fb918e7545f7e86c86aa138460e9b94c
=======
0	0.6074005834484877
>>>>>>> 0d36faa1fb918e7545f7e86c86aa138460e9b94c
