step	cv_fold_3_accuracy
<<<<<<< HEAD
<<<<<<< HEAD
0	0.6349328214971209
=======
0	0.6107016735759251
>>>>>>> 0d36faa1fb918e7545f7e86c86aa138460e9b94c
=======
0	0.6107016735759251
>>>>>>> 0d36faa1fb918e7545f7e86c86aa138460e9b94c
