step	cv_fold_2_accuracy
<<<<<<< HEAD
<<<<<<< HEAD
0	0.6298656429942419
=======
0	0.6169967756794104
>>>>>>> 0d36faa1fb918e7545f7e86c86aa138460e9b94c
=======
0	0.6169967756794104
>>>>>>> 0d36faa1fb918e7545f7e86c86aa138460e9b94c
