{
    "test_accuracy": 0.9348279164084944,
    "test_precision": 0.9997410332772239,
    "test_recall": 0.8698738170347003,
    "test_f1": 0.9302970058437255,
    "test_auc": 0.9582062332727842,
    "test_pr_auc": 0.9711733192063066
}