{
    "0": {
        "precision": 0.885286783042394,
        "recall": 0.9977749150954445,
        "f1-score": 0.938171006992237,
        "support": 8539.0
    },
    "1": {
        "precision": 0.09523809523809523,
        "recall": 0.0018083182640144665,
        "f1-score": 0.00354924578527063,
        "support": 1106.0
    },
    "accuracy": 0.8835666148263349,
    "macro avg": {
        "precision": 0.49026243914024464,
        "recall": 0.4997916166797295,
        "f1-score": 0.4708601263887538,
        "support": 9645.0
    },
    "weighted avg": {
        "precision": 0.7946912569966134,
        "recall": 0.8835666148263349,
        "f1-score": 0.8309971689523298,
        "support": 9645.0
    }
}