{
    "0": {
        "precision": 0.8857083376704487,
        "recall": 0.9964867080454386,
        "f1-score": 0.9378375399537088,
        "support": 8539.0
    },
    "1": {
        "precision": 0.21052631578947367,
        "recall": 0.007233273056057866,
        "f1-score": 0.013986013986013986,
        "support": 1106.0
    },
    "accuracy": 0.8830482115085536,
    "macro avg": {
        "precision": 0.5481173267299612,
        "recall": 0.5018599905507483,
        "f1-score": 0.47591177696986137,
        "support": 9645.0
    },
    "weighted avg": {
        "precision": 0.8082846656952948,
        "recall": 0.8830482115085536,
        "f1-score": 0.8318987335545102,
        "support": 9645.0
    }
}