{
    "0": {
        "precision": 0.8854588920070678,
        "recall": 0.9976578053636257,
        "f1-score": 0.938215859030837,
        "support": 8539.0
    },
    "1": {
        "precision": 0.16666666666666666,
        "recall": 0.003616636528028933,
        "f1-score": 0.007079646017699115,
        "support": 1106.0
    },
    "accuracy": 0.8836702954898912,
    "macro avg": {
        "precision": 0.5260627793368673,
        "recall": 0.5006372209458273,
        "f1-score": 0.47264775252426805,
        "support": 9645.0
    },
    "weighted avg": {
        "precision": 0.8030344025071732,
        "recall": 0.8836702954898912,
        "f1-score": 0.8314417116391801,
        "support": 9645.0
    }
}