{
    "0": {
        "precision": 0.8953488372093024,
        "recall": 0.903755868544601,
        "f1-score": 0.8995327102803738,
        "support": 852.0
    },
    "1": {
        "precision": 0.21904761904761905,
        "recall": 0.20353982300884957,
        "f1-score": 0.21100917431192662,
        "support": 113.0
    },
    "accuracy": 0.8217616580310881,
    "macro avg": {
        "precision": 0.5571982281284606,
        "recall": 0.5536478457767253,
        "f1-score": 0.5552709422961503,
        "support": 965.0
    },
    "weighted avg": {
        "precision": 0.816155015807986,
        "recall": 0.8217616580310881,
        "f1-score": 0.818907674462307,
        "support": 965.0
    }
}