{
    "accuracy": 0.8852255054432349,
    "precision": 0.0,
    "recall": 0.0,
    "f1_score": 0.0,
    "specificity": 1.0,
    "balanced_accuracy": 0.5,
    "mcc": 0.0,
    "roc_auc": 0.6432784789314279,
    "average_precision": 0.19735989905324747,
    "log_loss": 0.3423480163416956,
    "brier_score": 0.09838032302123371
}