{
    "accuracy": 0.8835666148263349,
    "precision": 0.09523809523809523,
    "recall": 0.0018083182640144665,
    "f1_score": 0.00354924578527063,
    "specificity": 0.9977749150954445,
    "balanced_accuracy": 0.4997916166797295,
    "mcc": -0.002848961399031153,
    "roc_auc": 0.6372638825327976,
    "average_precision": 0.17522626906292177,
    "log_loss": 0.35064961002320244,
    "brier_score": 0.10130926172498628
}