{
    "accuracy": 0.8853291861067911,
    "precision": 0.0,
    "recall": 0.0,
    "f1": 0.0,
    "roc_auc": 0.6496847143422574,
    "pr_auc": 0.1870923942101389
}
