{
    "accuracy": [
        0.7406350374221802
    ],
    "auc": [
        0.8165216445922852
    ],
    "loss": [
        0.5119302868843079
    ],
    "val_accuracy": [
        0.7928485870361328
    ],
    "val_auc": [
        0.6286745071411133
    ],
    "val_loss": [
        0.4915105700492859
    ]
}