{
    "val_accuracy": 0.7306731921693967,
    "val_precision": 0.17053609117771212,
    "val_recall": 0.35579040070453544,
    "val_f1": 0.23056070766157796,
    "val_auc": 0.5940456525813896,
    "val_avg_precision": 0.159584262357455,
    "test_accuracy": 0.7294881398252184,
    "test_precision": 0.1630248500428449,
    "test_recall": 0.33509467195068254,
    "test_f1": 0.21933996253062402,
    "test_auc": 0.5861944545016542,
    "test_avg_precision": 0.15440710835201596
}
