{
    "val_accuracy": 0.716989612465042,
    "val_precision": 0.17029126213592233,
    "val_recall": 0.3861734918538089,
    "val_f1": 0.23635628621479585,
    "val_auc": 0.5951223431131379,
    "val_avg_precision": 0.15973338810885562,
    "test_accuracy": 0.715605493133583,
    "test_precision": 0.16139240506329114,
    "test_recall": 0.35931307793923384,
    "test_f1": 0.22273781902552203,
    "test_auc": 0.586648455056326,
    "test_avg_precision": 0.1551124770897871
}
