step	accuracy
0	0.7525968551635742
1	0.7583400011062622
2	0.7729724049568176
3	0.7692768573760986
