step	auc
0	0.6258608102798462
1	0.6272251605987549
2	0.6295868158340454
3	0.6327056884765625
