step	loss
0	0.5183828473091125
1	0.5148186683654785
2	0.4932763874530792
3	0.4913623034954071
