{
    "0": {
        "precision": 0.8871681415929203,
        "recall": 0.9413145539906104,
        "f1-score": 0.9134396355353075,
        "support": 852.0
    },
    "1": {
        "precision": 0.18032786885245902,
        "recall": 0.09734513274336283,
        "f1-score": 0.12643678160919541,
        "support": 113.0
    },
    "accuracy": 0.8424870466321244,
    "macro avg": {
        "precision": 0.5337480052226897,
        "recall": 0.5193298433669866,
        "f1-score": 0.5199382085722515,
        "support": 965.0
    },
    "weighted avg": {
        "precision": 0.8043982443704621,
        "recall": 0.8424870466321244,
        "f1-score": 0.8212828246610581,
        "support": 965.0
    }
}