{
    "accuracy": 0.630327969536912,
    "precision": 0.6121286747729722,
    "recall": 0.5319689673622258,
    "roc_auc": 0.6785315173746389,
    "f1_score": 0.5692406286967494
}
