{
    "accuracy": 0.6287925316300209,
    "precision": 0.6030809098761878,
    "recall": 0.560326377742108,
    "roc_auc": 0.6737593002582144,
    "f1_score": 0.5809179919479907
}
