{
    "accuracy": 0.6119641321704951,
    "precision": 0.5906139315230224,
    "recall": 0.5303472038165916,
    "roc_auc": 0.6064052868899807
}
