{
<<<<<<< HEAD
<<<<<<< HEAD
    "accuracy": 0.6250460631372068,
    "precision": 0.6190310817850321,
    "recall": 0.47685928303905833,
    "roc_auc": 0.6138554875336105
=======
=======
>>>>>>> 0d36faa1fb918e7545f7e86c86aa138460e9b94c
    "accuracy": 0.6119641321704951,
    "precision": 0.5906139315230224,
    "recall": 0.5303472038165916,
    "roc_auc": 0.6064052868899807
<<<<<<< HEAD
>>>>>>> 0d36faa1fb918e7545f7e86c86aa138460e9b94c
=======
>>>>>>> 0d36faa1fb918e7545f7e86c86aa138460e9b94c
}
