{
    "accuracy": 0.6250460631372068,
    "precision": 0.6190310817850321,
    "recall": 0.47685928303905833,
    "roc_auc": 0.6138554875336105
}
