step	accuracy
0	0.7259702682495117
1	0.7447096109390259
2	0.749488353729248
3	0.7557034492492676
