step	auc
0	0.801469624042511
1	0.8234120011329651
2	0.8306524753570557
3	0.8357831835746765
