step	loss
0	0.5303481817245483
1	0.5012952089309692
2	0.49148160219192505
3	0.48496875166893005
