model,score_test,score_val,eval_metric,pred_time_test,pred_time_val,fit_time,pred_time_test_marginal,pred_time_val_marginal,fit_time_marginal,stack_level,can_infer,fit_order
LightGBMBasic,0.6467403398083669,0.6342024393654344,roc_auc,0.02168583869934082,0.006461381912231445,1.053318977355957,0.02168583869934082,0.006461381912231445,1.053318977355957,1,True,1
WeightedEnsemble_L2,0.6467403398083669,0.6342024393654344,roc_auc,0.023609161376953125,0.0069882869720458984,1.056670904159546,0.0019233226776123047,0.0005269050598144531,0.003351926803588867,2,True,2
