model,score_test,score_val,eval_metric,pred_time_test,pred_time_val,fit_time,pred_time_test_marginal,pred_time_val_marginal,fit_time_marginal,stack_level,can_infer,fit_order
LightGBMBasic,0.6467403398083669,0.6342024393654344,roc_auc,0.02722907066345215,0.010158777236938477,1.7649714946746826,0.02722907066345215,0.010158777236938477,1.7649714946746826,1,True,1
WeightedEnsemble_L2,0.6467403398083669,0.6342024393654344,roc_auc,0.0314791202545166,0.011495828628540039,1.7846894264221191,0.004250049591064453,0.0013370513916015625,0.019717931747436523,2,True,2
