model,score_test,score_val,eval_metric,pred_time_test,pred_time_val,fit_time,pred_time_test_marginal,pred_time_val_marginal,fit_time_marginal,stack_level,can_infer,fit_order
LightGBMBasic,0.6467403398083669,0.6342024393654344,roc_auc,0.01475214958190918,0.0137176513671875,1.6098403930664062,0.01475214958190918,0.0137176513671875,1.6098403930664062,1,True,1
WeightedEnsemble_L2,0.6467403398083669,0.6342024393654344,roc_auc,0.024598121643066406,0.014305830001831055,1.613407850265503,0.009845972061157227,0.0005881786346435547,0.0035674571990966797,2,True,2
