model,score_test,score_val,eval_metric,pred_time_test,pred_time_val,fit_time,pred_time_test_marginal,pred_time_val_marginal,fit_time_marginal,stack_level,can_infer,fit_order
LightGBMBasic,0.6467403398083669,0.6342024393654344,roc_auc,0.018975019454956055,0.015470266342163086,4.955894708633423,0.018975019454956055,0.015470266342163086,4.955894708633423,1,True,1
WeightedEnsemble_L2,0.6467403398083669,0.6342024393654344,roc_auc,0.020595073699951172,0.01600170135498047,4.958883285522461,0.0016200542449951172,0.0005314350128173828,0.002988576889038086,2,True,2
