model,score_test,score_val,eval_metric,pred_time_test,pred_time_val,fit_time,pred_time_test_marginal,pred_time_val_marginal,fit_time_marginal,stack_level,can_infer,fit_order
LightGBMBasic,0.6467403398083669,0.6342024393654344,roc_auc,0.024721384048461914,0.01941847801208496,0.9546661376953125,0.024721384048461914,0.01941847801208496,0.9546661376953125,1,True,1
WeightedEnsemble_L2,0.6467403398083669,0.6342024393654344,roc_auc,0.026058197021484375,0.020047426223754883,0.9576907157897949,0.001336812973022461,0.0006289482116699219,0.003024578094482422,2,True,2
