model,score_test,score_val,eval_metric,pred_time_test,pred_time_val,fit_time,pred_time_test_marginal,pred_time_val_marginal,fit_time_marginal,stack_level,can_infer,fit_order
LightGBMBasic,0.6467403398083669,0.6342024393654344,roc_auc,0.01886892318725586,0.005675792694091797,0.9606235027313232,0.01886892318725586,0.005675792694091797,0.9606235027313232,1,True,1
WeightedEnsemble_L2,0.6467403398083669,0.6342024393654344,roc_auc,0.02247905731201172,0.006239652633666992,0.9636907577514648,0.0036101341247558594,0.0005638599395751953,0.0030672550201416016,2,True,2
