model,score_test,score_val,eval_metric,pred_time_test,pred_time_val,fit_time,pred_time_test_marginal,pred_time_val_marginal,fit_time_marginal,stack_level,can_infer,fit_order
LightGBMBasic,0.6467403398083669,0.6342024393654344,roc_auc,0.022868633270263672,0.003916025161743164,0.884385347366333,0.022868633270263672,0.003916025161743164,0.884385347366333,1,True,1
WeightedEnsemble_L2,0.6467403398083669,0.6342024393654344,roc_auc,0.02466440200805664,0.004478931427001953,0.8872630596160889,0.0017957687377929688,0.0005629062652587891,0.0028777122497558594,2,True,2
