model,score_test,score_val,eval_metric,pred_time_test,pred_time_val,fit_time,pred_time_test_marginal,pred_time_val_marginal,fit_time_marginal,stack_level,can_infer,fit_order
CatBoost_BAG_L2,0.6630880245990984,0.6609802426790772,roc_auc,0.07232475280761719,0.24483323097229004,10.08548355102539,0.017067670822143555,0.08534955978393555,0.9607937335968018,2,True,5
WeightedEnsemble_L3,0.6627071840188364,0.662163745900712,roc_auc,0.09351491928100586,0.3048667907714844,12.717833518981934,0.0021533966064453125,0.010637044906616211,1.276611566543579,3,True,6
WeightedEnsemble_L2,0.6613384684586057,0.6607357566028409,roc_auc,0.05684518814086914,0.16985011100769043,9.701366901397705,0.0015881061553955078,0.010366439819335938,0.5766770839691162,2,True,3
LightGBMExtraTrees_BAG_L2,0.6608170128691491,0.6598972415820391,roc_auc,0.07429385185241699,0.20888018608093262,10.480428218841553,0.01903676986694336,0.049396514892578125,1.3557384014129639,2,True,4
CatBoost_BAG_L1,0.6606541354695709,0.6590742588469367,roc_auc,0.02455592155456543,0.10295557975769043,6.450417757034302,0.02455592155456543,0.10295557975769043,6.450417757034302,1,True,2
LightGBMExtraTrees_BAG_L1,0.6586057972256203,0.6583253020118389,roc_auc,0.030701160430908203,0.05652809143066406,2.674272060394287,0.030701160430908203,0.05652809143066406,2.674272060394287,1,True,1
