model,score_test,score_val,eval_metric,pred_time_test,pred_time_val,fit_time,pred_time_test_marginal,pred_time_val_marginal,fit_time_marginal,stack_level,can_infer,fit_order
LightGBMBasic,0.6467403398083669,0.6342024393654344,roc_auc,0.022268056869506836,0.00587916374206543,0.9303317070007324,0.022268056869506836,0.00587916374206543,0.9303317070007324,1,True,1
WeightedEnsemble_L2,0.6467403398083669,0.6342024393654344,roc_auc,0.024702787399291992,0.006442070007324219,0.933311939239502,0.0024347305297851562,0.0005629062652587891,0.0029802322387695312,2,True,2
