model,score_test,score_val,eval_metric,pred_time_test,pred_time_val,fit_time,pred_time_test_marginal,pred_time_val_marginal,fit_time_marginal,stack_level,can_infer,fit_order
LightGBMBasic,0.6467403398083669,0.6342024393654344,roc_auc,0.023252010345458984,0.030231952667236328,0.8823013305664062,0.023252010345458984,0.030231952667236328,0.8823013305664062,1,True,1
WeightedEnsemble_L2,0.6467403398083669,0.6342024393654344,roc_auc,0.025058269500732422,0.033715009689331055,0.8877880573272705,0.0018062591552734375,0.0034830570220947266,0.005486726760864258,2,True,2
