model,score_test,score_val,eval_metric,pred_time_test,pred_time_val,fit_time,pred_time_test_marginal,pred_time_val_marginal,fit_time_marginal,stack_level,can_infer,fit_order
LightGBMBasic,0.6467403398083669,0.6342024393654344,roc_auc,0.04048800468444824,0.013537168502807617,1.033386468887329,0.04048800468444824,0.013537168502807617,1.033386468887329,1,True,1
WeightedEnsemble_L2,0.6467403398083669,0.6342024393654344,roc_auc,0.04599785804748535,0.014536857604980469,1.0369346141815186,0.005509853363037109,0.0009996891021728516,0.003548145294189453,2,True,2
