model,score_test,score_val,eval_metric,pred_time_test,pred_time_val,fit_time,pred_time_test_marginal,pred_time_val_marginal,fit_time_marginal,stack_level,can_infer,fit_order
LightGBMBasic,0.6467403398083669,0.6342024393654344,roc_auc,0.014132976531982422,0.0041658878326416016,0.9470925331115723,0.014132976531982422,0.0041658878326416016,0.9470925331115723,1,True,1
WeightedEnsemble_L2,0.6467403398083669,0.6342024393654344,roc_auc,0.01548624038696289,0.0046901702880859375,0.9500782489776611,0.0013532638549804688,0.0005242824554443359,0.002985715866088867,2,True,2
