model,score_test,score_val,eval_metric,pred_time_test,pred_time_val,fit_time,pred_time_test_marginal,pred_time_val_marginal,fit_time_marginal,stack_level,can_infer,fit_order
LightGBMBasic,0.6467403398083669,0.6342024393654344,roc_auc,0.014696359634399414,0.016102075576782227,0.90264892578125,0.014696359634399414,0.016102075576782227,0.90264892578125,1,True,1
WeightedEnsemble_L2,0.6467403398083669,0.6342024393654344,roc_auc,0.016372203826904297,0.016565322875976562,0.905081033706665,0.0016758441925048828,0.00046324729919433594,0.002432107925415039,2,True,2
