model,score_test,score_val,eval_metric,pred_time_test,pred_time_val,fit_time,pred_time_test_marginal,pred_time_val_marginal,fit_time_marginal,stack_level,can_infer,fit_order
LightGBMBasic,0.6467403398083669,0.6342024393654344,roc_auc,0.0208437442779541,0.005432605743408203,0.9479353427886963,0.0208437442779541,0.005432605743408203,0.9479353427886963,1,True,1
WeightedEnsemble_L2,0.6467403398083669,0.6342024393654344,roc_auc,0.02235555648803711,0.006136894226074219,0.9512722492218018,0.0015118122100830078,0.0007042884826660156,0.0033369064331054688,2,True,2
