model,score_test,score_val,eval_metric,pred_time_test,pred_time_val,fit_time,pred_time_test_marginal,pred_time_val_marginal,fit_time_marginal,stack_level,can_infer,fit_order
LightGBMBasic,0.6467403398083669,0.6342024393654344,roc_auc,0.03393197059631348,0.03538703918457031,1.146812915802002,0.03393197059631348,0.03538703918457031,1.146812915802002,1,True,1
WeightedEnsemble_L2,0.6467403398083669,0.6342024393654344,roc_auc,0.0435791015625,0.035985708236694336,1.149925947189331,0.009647130966186523,0.0005986690521240234,0.0031130313873291016,2,True,2
