step	accuracy
<<<<<<< HEAD
0	0.6250460631372068
=======
0	0.6119641321704951
>>>>>>> 0d36faa1fb918e7545f7e86c86aa138460e9b94c
