step	precision
<<<<<<< HEAD
0	0.6190310817850321
=======
0	0.5906139315230224
>>>>>>> 0d36faa1fb918e7545f7e86c86aa138460e9b94c
