step	recall
<<<<<<< HEAD
<<<<<<< HEAD
0	0.47685928303905833
=======
0	0.5303472038165916
>>>>>>> 0d36faa1fb918e7545f7e86c86aa138460e9b94c
=======
0	0.5303472038165916
>>>>>>> 0d36faa1fb918e7545f7e86c86aa138460e9b94c
