step	roc_auc
<<<<<<< HEAD
0	0.6138554875336105
=======
0	0.6064052868899807
>>>>>>> 0d36faa1fb918e7545f7e86c86aa138460e9b94c
